Time(s),Voltage(V),Current(A),Power(W)
0.035,3.9000,0.0037,0.0144
0.088,3.9000,0.0037,0.0145
0.502,3.9000,0.0038,0.0148
0.573,3.9000,0.0037,0.0146
0.711,3.9000,0.0037,0.0146
0.920,3.9000,0.0037,0.0145
1.110,3.9000,0.0038,0.0147
1.125,3.9000,0.0038,0.0147
1.554,3.9000,0.0038,0.0149
1.648,3.9000,0.0038,0.0148
1.761,3.9000,0.0038,0.0148
1.969,3.9000,0.0038,0.0150
2.184,3.9000,0.0039,0.0153
2.196,3.9000,0.0039,0.0153
2.577,3.9000,0.0039,0.0150
2.722,3.9000,0.0038,0.0147
2.780,3.9000,0.0037,0.0146
2.984,3.9000,0.0037,0.0145
3.188,3.9000,0.0037,0.0144
3.260,3.9000,0.0037,0.0144
3.595,3.9000,0.0036,0.0142
3.797,3.9000,0.0035,0.0138
3.808,3.9000,0.0035,0.0137
4.002,3.9000,0.0035,0.0135
4.207,3.9000,0.0034,0.0134
4.335,3.9000,0.0034,0.0134
4.610,3.9000,0.0035,0.0137
4.810,3.9000,0.0035,0.0137
4.872,3.9000,0.0035,0.0137
5.011,3.9000,0.0035,0.0137
5.212,3.9000,0.0035,0.0138
5.410,3.9000,0.0035,0.0137
5.614,3.9000,0.0036,0.0140
5.816,3.9000,0.0035,0.0138
5.947,3.9000,0.0035,0.0138
6.022,3.9000,0.0036,0.0140
6.233,3.9000,0.0036,0.0142
6.484,3.9000,0.0037,0.0144
6.655,3.9000,0.0037,0.0143
6.856,3.9000,0.0036,0.0140
7.021,3.9000,0.0036,0.0139
7.057,3.9000,0.0035,0.0138
7.259,3.9000,0.0036,0.0139
7.559,3.9000,0.0036,0.0139
7.679,3.9000,0.0036,0.0139
7.889,3.9000,0.0036,0.0140
8.097,3.9000,0.0036,0.0142
8.107,3.9000,0.0036,0.0141
8.293,3.9000,0.0036,0.0141
8.635,3.9000,0.0036,0.0142
8.712,3.9000,0.0037,0.0143
8.914,3.9000,0.0037,0.0143
9.114,3.9000,0.0037,0.0144
9.171,3.9000,0.0037,0.0143
9.317,3.9000,0.0036,0.0142
9.707,3.9000,0.0036,0.0142
9.736,3.9000,0.0036,0.0142
9.936,3.9000,0.0037,0.0144
10.138,3.9000,0.0037,0.0145
10.244,3.9000,0.0037,0.0145
10.337,3.9000,0.0037,0.0143
10.781,3.9000,0.0036,0.0142
10.792,3.9000,0.0036,0.0142
10.977,3.9000,0.0036,0.0140
11.177,3.9000,0.0036,0.0140
11.319,3.9000,0.0036,0.0141
11.377,3.9000,0.0036,0.0141
11.782,3.9000,0.0037,0.0146
11.857,3.9000,0.0037,0.0144
11.987,3.9000,0.0037,0.0143
12.195,3.9000,0.0036,0.0140
12.394,3.9000,0.0036,0.0140
12.405,3.9000,0.0036,0.0140
12.820,3.9000,0.0038,0.0147
12.931,3.9000,0.0038,0.0147
13.037,3.9000,0.0038,0.0147
13.240,3.9000,0.0038,0.0148
13.469,3.9000,0.0038,0.0148
13.479,3.9000,0.0038,0.0148
13.839,3.9000,0.0038,0.0149
14.007,3.9000,0.0038,0.0148
14.038,3.9000,0.0038,0.0148
14.240,3.9000,0.0038,0.0148
14.441,3.9000,0.0037,0.0145
14.544,3.9000,0.0038,0.0147
14.857,3.9000,0.0037,0.0146
15.081,3.9000,0.0037,0.0146
15.092,3.9000,0.0037,0.0146
15.267,3.9000,0.0036,0.0142
15.478,3.9000,0.0036,0.0141
15.619,3.9000,0.0036,0.0141
15.891,3.9000,0.0037,0.0143
16.103,3.9000,0.0037,0.0143
16.156,3.9000,0.0036,0.0140
16.311,3.9000,0.0036,0.0139
16.515,3.9000,0.0036,0.0139
16.694,3.9000,0.0036,0.0139
16.928,3.9000,0.0037,0.0142
17.131,3.9000,0.0037,0.0145
17.231,3.9000,0.0037,0.0146
17.335,3.9000,0.0038,0.0147
17.536,3.9000,0.0037,0.0144
17.769,3.9000,0.0036,0.0141
17.955,3.9000,0.0035,0.0138
18.158,3.9000,0.0036,0.0139
18.306,3.9000,0.0036,0.0140
18.376,3.9000,0.0036,0.0139
18.578,3.9000,0.0036,0.0140
18.843,3.9000,0.0036,0.0139
19.016,3.9000,0.0036,0.0141
19.216,3.9000,0.0037,0.0144
19.380,3.9000,0.0037,0.0144
19.435,3.9000,0.0037,0.0143
19.637,3.9000,0.0037,0.0145
19.918,3.9000,0.0037,0.0145
20.038,3.9000,0.0037,0.0145
20.238,3.9000,0.0037,0.0145
20.456,3.9000,0.0037,0.0144
20.466,3.9000,0.0037,0.0144
20.645,3.9000,0.0036,0.0141
20.993,3.9000,0.0036,0.0141
21.064,3.9000,0.0036,0.0141
21.268,3.9000,0.0036,0.0140
21.470,3.9000,0.0036,0.0139
21.530,3.9000,0.0035,0.0136
21.672,3.9000,0.0035,0.0135
22.068,3.9000,0.0036,0.0140
22.093,3.9000,0.0036,0.0140
22.300,3.9000,0.0036,0.0142
22.505,3.9000,0.0037,0.0143
22.606,3.9000,0.0036,0.0142
22.711,3.9000,0.0036,0.0141
23.142,3.9000,0.0036,0.0139
23.154,3.9000,0.0036,0.0139
23.328,3.9000,0.0036,0.0140
23.533,3.9000,0.0036,0.0140
23.681,3.9000,0.0036,0.0139
23.732,3.9000,0.0036,0.0140
24.133,3.9000,0.0036,0.0140
24.218,3.9000,0.0036,0.0140
24.333,3.9000,0.0036,0.0141
24.536,3.9000,0.0037,0.0143
24.755,3.9000,0.0037,0.0144
24.765,3.9000,0.0037,0.0144
25.150,3.9000,0.0037,0.0145
25.292,3.9000,0.0038,0.0146
25.361,3.9000,0.0038,0.0146
25.569,3.9000,0.0038,0.0148
25.772,3.9000,0.0038,0.0148
25.830,3.9000,0.0038,0.0148
26.189,3.9000,0.0037,0.0144
26.368,3.9000,0.0037,0.0145
26.398,3.9000,0.0037,0.0145
26.606,3.9000,0.0037,0.0146
26.810,3.9000,0.0037,0.0146
26.904,3.9000,0.0037,0.0145
27.214,3.9000,0.0037,0.0144
27.442,3.9000,0.0037,0.0144
27.453,3.9000,0.0037,0.0143
27.626,3.9000,0.0037,0.0144
27.828,3.9000,0.0037,0.0143
27.979,3.9000,0.0036,0.0141
28.231,3.9000,0.0036,0.0140
28.432,3.9000,0.0036,0.0139
28.517,3.9000,0.0035,0.0137
28.635,3.9000,0.0035,0.0138
28.838,3.9000,0.0036,0.0139
29.054,3.9000,0.0035,0.0137
29.258,3.9000,0.0035,0.0137
29.461,3.9000,0.0035,0.0138
29.592,3.9000,0.0035,0.0138
29.662,3.9000,0.0035,0.0138
29.881,3.9000,0.0035,0.0138
30.129,3.9000,0.0036,0.0141
30.286,3.9000,0.0035,0.0137
30.487,3.9000,0.0035,0.0137
30.666,3.9000,0.0035,0.0137
30.706,3.9000,0.0036,0.0139
30.908,3.9000,0.0036,0.0139
31.203,3.9000,0.0036,0.0142
31.345,3.9000,0.0036,0.0142
31.565,3.9000,0.0036,0.0140
31.742,3.9000,0.0036,0.0141
31.785,3.9000,0.0036,0.0140
31.986,3.9000,0.0036,0.0140
32.279,3.9000,0.0036,0.0140
32.387,3.9000,0.0036,0.0139
32.587,3.9000,0.0036,0.0139
32.817,3.9000,0.0037,0.0143
32.827,3.9000,0.0036,0.0142
33.008,3.9000,0.0037,0.0143
33.354,3.9000,0.0037,0.0144
33.426,3.9000,0.0037,0.0145
33.627,3.9000,0.0037,0.0144
33.846,3.9000,0.0037,0.0144
33.891,3.9000,0.0037,0.0144
34.047,3.9000,0.0037,0.0143
34.429,3.9000,0.0037,0.0144
34.467,3.9000,0.0037,0.0143
34.676,3.9000,0.0037,0.0144
34.881,3.9000,0.0036,0.0142
34.967,3.9000,0.0036,0.0142
35.091,3.9000,0.0037,0.0143
35.504,3.9000,0.0037,0.0145
35.515,3.9000,0.0037,0.0145
35.695,3.9000,0.0038,0.0146
35.895,3.9000,0.0037,0.0146
36.041,3.9000,0.0038,0.0148
36.116,3.9000,0.0038,0.0148
36.578,3.9000,0.0036,0.0142
36.589,3.9000,0.0037,0.0143
36.772,3.9000,0.0037,0.0142
36.992,3.9000,0.0037,0.0143
37.115,3.9000,0.0037,0.0144
37.211,3.9000,0.0036,0.0142
37.651,3.9000,0.0037,0.0144
37.662,3.9000,0.0037,0.0144
37.848,3.9000,0.0037,0.0146
38.049,3.9000,0.0038,0.0149
38.189,3.9000,0.0038,0.0148
38.248,3.9000,0.0038,0.0148
38.667,3.9000,0.0037,0.0146
38.726,3.9000,0.0037,0.0146
38.886,3.9000,0.0038,0.0146
39.085,3.9000,0.0038,0.0147
39.263,3.9000,0.0038,0.0148
39.305,3.9000,0.0038,0.0148
39.723,3.9000,0.0038,0.0149
39.801,3.9000,0.0038,0.0149
39.923,3.9000,0.0038,0.0149
40.124,3.9000,0.0037,0.0145
40.336,3.9000,0.0037,0.0145
40.348,3.9000,0.0037,0.0144
40.762,3.9000,0.0036,0.0142
40.874,3.9000,0.0036,0.0142
40.980,3.9000,0.0036,0.0141
41.180,3.9000,0.0037,0.0144
41.411,3.9000,0.0038,0.0149
41.422,3.9000,0.0038,0.0148
41.818,3.9000,0.0038,0.0148
41.950,3.9000,0.0037,0.0144
42.018,3.9000,0.0037,0.0143
42.238,3.9000,0.0036,0.0139
42.486,3.9000,0.0035,0.0135
42.497,3.9000,0.0035,0.0135
42.874,3.9000,0.0036,0.0142
43.023,3.9000,0.0036,0.0142
43.077,3.9000,0.0037,0.0143
43.294,3.9000,0.0038,0.0148
43.513,3.9000,0.0038,0.0148
43.561,3.9000,0.0038,0.0146
43.933,3.9000,0.0037,0.0144
44.099,3.9000,0.0036,0.0141
44.143,3.9000,0.0036,0.0141
44.354,3.9000,0.0036,0.0142
44.556,3.9000,0.0036,0.0141
44.636,3.9000,0.0036,0.0140
44.966,3.9000,0.0036,0.0139
45.174,3.9000,0.0036,0.0140
45.184,3.9000,0.0036,0.0140
45.375,3.9000,0.0036,0.0140
45.579,3.9000,0.0036,0.0140
45.710,3.9000,0.0036,0.0139
45.984,3.9000,0.0036,0.0139
46.193,3.9000,0.0036,0.0140
46.249,3.9000,0.0035,0.0138
46.401,3.9000,0.0036,0.0139
46.609,3.9000,0.0036,0.0141
46.786,3.9000,0.0037,0.0142
47.014,3.9000,0.0037,0.0144
47.221,3.9000,0.0038,0.0147
47.323,3.9000,0.0037,0.0145
47.427,3.9000,0.0037,0.0145
47.630,3.9000,0.0037,0.0144
47.861,3.9000,0.0036,0.0142
48.031,3.9000,0.0037,0.0144
48.231,3.9000,0.0038,0.0146
48.398,3.9000,0.0037,0.0146
48.431,3.9000,0.0037,0.0145
48.636,3.9000,0.0038,0.0147
48.935,3.9000,0.0037,0.0145
49.051,3.9000,0.0037,0.0143
49.256,3.9000,0.0036,0.0142
49.474,3.9000,0.0036,0.0141
49.483,3.9000,0.0036,0.0141
49.669,3.9000,0.0036,0.0142
50.010,3.9000,0.0037,0.0143
50.083,3.9000,0.0037,0.0144
50.295,3.9000,0.0036,0.0142
50.498,3.9000,0.0036,0.0141
50.548,3.9000,0.0036,0.0141
50.701,3.9000,0.0037,0.0143
51.084,3.9000,0.0036,0.0141
51.105,3.9000,0.0036,0.0142
51.306,3.9000,0.0037,0.0143
51.509,3.9000,0.0037,0.0144
51.621,3.9000,0.0037,0.0145
51.710,3.9000,0.0037,0.0146
52.117,3.9000,0.0037,0.0143
52.159,3.9000,0.0036,0.0141
52.319,3.9000,0.0036,0.0140
52.519,3.9000,0.0036,0.0139
52.697,3.9000,0.0036,0.0138
52.723,3.9000,0.0035,0.0138
53.126,3.9000,0.0037,0.0143
53.234,3.9000,0.0037,0.0144
53.329,3.9000,0.0037,0.0146
53.530,3.9000,0.0038,0.0149
53.772,3.9000,0.0039,0.0151
53.781,3.9000,0.0039,0.0151
54.134,3.9000,0.0038,0.0149
54.308,3.9000,0.0038,0.0147
54.335,3.9000,0.0038,0.0146
54.540,3.9000,0.0037,0.0145
54.742,3.9000,0.0037,0.0144
54.845,3.9000,0.0037,0.0143
55.145,3.9000,0.0036,0.0142
55.383,3.9000,0.0036,0.0141
55.394,3.9000,0.0036,0.0141
55.544,3.9000,0.0037,0.0143
55.746,3.9000,0.0037,0.0142
55.921,3.9000,0.0036,0.0141
56.149,3.9000,0.0036,0.0139
56.348,3.9000,0.0035,0.0137
56.458,3.9000,0.0035,0.0138
56.548,3.9000,0.0035,0.0137
56.748,3.9000,0.0035,0.0138
56.996,3.9000,0.0036,0.0141
57.147,3.9000,0.0036,0.0142
57.366,3.9000,0.0036,0.0141
57.534,3.9000,0.0037,0.0144
57.567,3.9000,0.0037,0.0145
57.768,3.9000,0.0037,0.0145
58.070,3.9000,0.0037,0.0145
58.169,3.9000,0.0037,0.0143
58.387,3.9000,0.0035,0.0137
58.608,3.9000,0.0035,0.0137
58.619,3.9000,0.0035,0.0137
58.807,3.9000,0.0036,0.0139
59.145,3.9000,0.0037,0.0145
59.210,3.9000,0.0037,0.0145
59.409,3.9000,0.0037,0.0145
59.611,3.9000,0.0037,0.0145
59.683,3.9000,0.0037,0.0146
59.811,3.9000,0.0037,0.0145
60.220,3.9000,0.0038,0.0150
60.231,3.9000,0.0038,0.0150
60.431,3.9000,0.0039,0.0153
60.634,3.9000,0.0039,0.0153
60.758,3.9000,0.0039,0.0150
60.853,3.9000,0.0038,0.0148
61.296,3.9000,0.0036,0.0141
61.307,3.9000,0.0036,0.0141
61.458,3.9000,0.0036,0.0142
61.658,3.9000,0.0037,0.0143
61.833,3.9000,0.0037,0.0143
61.878,3.9000,0.0037,0.0143
62.298,3.9000,0.0037,0.0144
62.370,3.9000,0.0037,0.0142
62.497,3.9000,0.0036,0.0141
62.697,3.9000,0.0036,0.0142
62.908,3.9000,0.0036,0.0140
62.919,3.9000,0.0036,0.0140
63.317,3.9000,0.0037,0.0143
63.445,3.9000,0.0038,0.0147
63.535,3.9000,0.0038,0.0148
63.735,3.9000,0.0038,0.0149
63.982,3.9000,0.0039,0.0151
63.993,3.9000,0.0039,0.0151
64.376,3.9000,0.0038,0.0147
64.520,3.9000,0.0038,0.0146
64.577,3.9000,0.0038,0.0146
64.776,3.9000,0.0037,0.0145
64.978,3.9000,0.0037,0.0145
65.057,3.9000,0.0037,0.0144
65.379,3.9000,0.0037,0.0143
65.595,3.9000,0.0037,0.0143
65.605,3.9000,0.0037,0.0143
65.779,3.9000,0.0037,0.0145
65.981,3.9000,0.0038,0.0150
66.132,3.9000,0.0039,0.0153
66.388,3.9000,0.0040,0.0154
66.592,3.9000,0.0039,0.0152
66.669,3.9000,0.0039,0.0151
66.794,3.9000,0.0039,0.0151
66.996,3.9000,0.0038,0.0148
67.207,3.9000,0.0038,0.0149
67.403,3.9000,0.0038,0.0149
67.609,3.9000,0.0039,0.0150
67.744,3.9000,0.0039,0.0151
67.816,3.9000,0.0039,0.0150
68.019,3.9000,0.0039,0.0150
68.281,3.9000,0.0038,0.0150
68.427,3.9000,0.0038,0.0148
68.632,3.9000,0.0037,0.0145
68.820,3.9000,0.0037,0.0143
68.837,3.9000,0.0037,0.0143
69.041,3.9000,0.0036,0.0142
69.357,3.9000,0.0035,0.0137
69.450,3.9000,0.0035,0.0136
69.655,3.9000,0.0034,0.0134
69.894,3.9000,0.0035,0.0137
69.905,3.9000,0.0035,0.0137
70.076,3.9000,0.0036,0.0139
70.432,3.9000,0.0036,0.0139
70.496,3.9000,0.0036,0.0139
70.701,3.9000,0.0036,0.0139
70.909,3.9000,0.0036,0.0140
70.970,3.9000,0.0036,0.0141
71.118,3.9000,0.0037,0.0144
71.506,3.9000,0.0038,0.0148
71.533,3.9000,0.0038,0.0148
71.744,3.9000,0.0038,0.0150
71.954,3.9000,0.0038,0.0149
72.045,3.9000,0.0038,0.0148
72.165,3.9000,0.0038,0.0147
72.582,3.9000,0.0037,0.0146
72.591,3.9000,0.0038,0.0146
72.792,3.9000,0.0037,0.0146
72.999,3.9000,0.0038,0.0147
73.117,3.9000,0.0037,0.0145
73.205,3.9000,0.0037,0.0145
73.656,3.9000,0.0038,0.0146
73.666,3.9000,0.0038,0.0147
73.835,3.9000,0.0038,0.0148
74.044,3.9000,0.0037,0.0146
74.192,3.9000,0.0038,0.0150
74.250,3.9000,0.0038,0.0150
74.666,3.9000,0.0038,0.0147
74.731,3.9000,0.0038,0.0148
74.870,3.9000,0.0038,0.0149
75.072,3.9000,0.0038,0.0148
75.269,3.9000,0.0038,0.0147
75.278,3.9000,0.0037,0.0146
75.681,3.9000,0.0036,0.0140
75.806,3.9000,0.0035,0.0138
75.884,3.9000,0.0035,0.0138
76.089,3.9000,0.0036,0.0140
76.293,3.9000,0.0036,0.0142
76.342,3.9000,0.0037,0.0143
76.700,3.9000,0.0037,0.0144
76.881,3.9000,0.0037,0.0144
76.903,3.9000,0.0037,0.0145
77.108,3.9000,0.0037,0.0144
77.312,3.9000,0.0036,0.0142
77.418,3.9000,0.0036,0.0142
77.720,3.9000,0.0036,0.0139
77.955,3.9000,0.0035,0.0138
77.963,3.9000,0.0035,0.0138
78.124,3.9000,0.0036,0.0140
78.326,3.9000,0.0036,0.0141
78.491,3.9000,0.0037,0.0143
78.731,3.9000,0.0038,0.0147
78.933,3.9000,0.0037,0.0144
79.027,3.9000,0.0037,0.0146
79.136,3.9000,0.0037,0.0145
79.339,3.9000,0.0037,0.0144
79.565,3.9000,0.0037,0.0145
79.746,3.9000,0.0037,0.0143
79.947,3.9000,0.0037,0.0144
80.102,3.9000,0.0037,0.0143
80.151,3.9000,0.0037,0.0143
80.352,3.9000,0.0037,0.0144
80.641,3.9000,0.0037,0.0143
80.757,3.9000,0.0036,0.0142
80.960,3.9000,0.0036,0.0142
81.178,3.9000,0.0036,0.0140
81.189,3.9000,0.0036,0.0140
81.370,3.9000,0.0036,0.0138
81.716,3.9000,0.0036,0.0139
81.775,3.9000,0.0036,0.0139
81.978,3.9000,0.0036,0.0140
82.183,3.9000,0.0036,0.0141
82.251,3.9000,0.0036,0.0141
82.386,3.9000,0.0036,0.0140
82.788,3.9000,0.0036,0.0139
82.799,3.9000,0.0036,0.0139
82.999,3.9000,0.0036,0.0141
83.199,3.9000,0.0036,0.0141
83.325,3.9000,0.0036,0.0140
83.400,3.9000,0.0036,0.0140
83.800,3.9000,0.0036,0.0139
83.863,3.9000,0.0036,0.0139
84.021,3.9000,0.0035,0.0138
84.226,3.9000,0.0036,0.0139
84.400,3.9000,0.0035,0.0138
84.427,3.9000,0.0036,0.0139
84.832,3.9000,0.0036,0.0142
84.938,3.9000,0.0036,0.0140
85.032,3.9000,0.0036,0.0140
85.237,3.9000,0.0036,0.0139
85.476,3.9000,0.0035,0.0138
85.486,3.9000,0.0035,0.0137
85.857,3.9000,0.0035,0.0137
86.013,3.9000,0.0036,0.0139
86.060,3.9000,0.0036,0.0139
86.268,3.9000,0.0035,0.0137
86.471,3.9000,0.0035,0.0135
86.551,3.9000,0.0035,0.0136
86.876,3.9000,0.0035,0.0136
87.089,3.9000,0.0035,0.0137
87.098,3.9000,0.0035,0.0136
87.277,3.9000,0.0035,0.0138
87.477,3.9000,0.0035,0.0137
87.626,3.9000,0.0036,0.0140
87.879,3.9000,0.0036,0.0140
88.080,3.9000,0.0037,0.0143
88.163,3.9000,0.0037,0.0143
88.284,3.9000,0.0037,0.0143
88.488,3.9000,0.0037,0.0144
88.701,3.9000,0.0037,0.0143
88.906,3.9000,0.0036,0.0142
89.108,3.9000,0.0036,0.0140
89.238,3.9000,0.0036,0.0140
89.310,3.9000,0.0036,0.0139
89.513,3.9000,0.0036,0.0139
89.775,3.9000,0.0036,0.0141
89.916,3.9000,0.0036,0.0142
90.119,3.9000,0.0036,0.0142
90.312,3.9000,0.0036,0.0142
90.323,3.9000,0.0036,0.0142
90.523,3.9000,0.0037,0.0143
90.849,3.9000,0.0037,0.0144
90.932,3.9000,0.0037,0.0145
91.135,3.9000,0.0038,0.0146
91.338,3.9000,0.0038,0.0147
91.386,3.9000,0.0038,0.0147
91.542,3.9000,0.0038,0.0147
91.924,3.9000,0.0038,0.0147
91.948,3.9000,0.0038,0.0147
92.153,3.9000,0.0038,0.0149
92.356,3.9000,0.0038,0.0150
92.461,3.9000,0.0039,0.0151
92.559,3.9000,0.0039,0.0151
92.999,3.9000,0.0038,0.0149
93.010,3.9000,0.0039,0.0150
93.167,3.9000,0.0038,0.0149
93.369,3.9000,0.0038,0.0148
93.536,3.9000,0.0038,0.0147
93.573,3.9000,0.0038,0.0147
93.989,3.9000,0.0037,0.0146
94.074,3.9000,0.0037,0.0144
94.192,3.9000,0.0037,0.0145
94.396,3.9000,0.0036,0.0141
94.611,3.9000,0.0034,0.0134
94.622,3.9000,0.0034,0.0134
95.004,3.9000,0.0034,0.0135
95.150,3.9000,0.0035,0.0135
95.208,3.9000,0.0035,0.0136
95.412,3.9000,0.0036,0.0140
95.612,3.9000,0.0036,0.0140
95.686,3.9000,0.0036,0.0140
96.019,3.9000,0.0036,0.0140
96.225,3.9000,0.0036,0.0140
96.234,3.9000,0.0036,0.0140
96.425,3.9000,0.0036,0.0140
96.627,3.9000,0.0036,0.0139
96.761,3.9000,0.0035,0.0137
97.051,3.9000,0.0036,0.0139
97.253,3.9000,0.0036,0.0142
97.299,3.9000,0.0036,0.0140
97.453,3.9000,0.0037,0.0143
97.655,3.9000,0.0036,0.0140
97.837,3.9000,0.0036,0.0141
98.074,3.9000,0.0036,0.0139
98.277,3.9000,0.0036,0.0139
98.373,3.9000,0.0036,0.0139
98.479,3.9000,0.0035,0.0138
98.681,3.9000,0.0036,0.0140
98.909,3.9000,0.0037,0.0143
99.081,3.9000,0.0037,0.0144
99.284,3.9000,0.0036,0.0141
99.447,3.9000,0.0035,0.0137
99.485,3.9000,0.0035,0.0138
99.687,3.9000,0.0035,0.0137
99.985,3.9000,0.0036,0.0142
100.092,3.9000,0.0037,0.0143
100.295,3.9000,0.0037,0.0145
100.522,3.9000,0.0037,0.0145
100.533,3.9000,0.0037,0.0145
100.699,3.9000,0.0036,0.0142
101.060,3.9000,0.0035,0.0136
101.103,3.9000,0.0035,0.0135
101.304,3.9000,0.0035,0.0135
101.506,3.9000,0.0035,0.0135
101.596,3.9000,0.0035,0.0135
101.710,3.9000,0.0035,0.0137
102.134,3.9000,0.0035,0.0136
102.144,3.9000,0.0035,0.0135
102.323,3.9000,0.0034,0.0134
102.524,3.9000,0.0034,0.0133
102.671,3.9000,0.0034,0.0133
102.725,3.9000,0.0034,0.0132
102.925,3.9000,0.0034,0.0134
103.128,3.9000,0.0034,0.0135
103.209,3.9000,0.0035,0.0135
103.331,3.9000,0.0035,0.0135
103.531,3.9000,0.0035,0.0136
103.746,3.9000,0.0034,0.0133
103.757,3.9000,0.0034,0.0133
103.934,3.9000,0.0034,0.0134
104.137,3.9000,0.0035,0.0135
104.284,3.9000,0.0035,0.0136
104.338,3.9000,0.0035,0.0137
104.544,3.9000,0.0035,0.0138
104.748,3.9000,0.0035,0.0136
104.822,3.9000,0.0035,0.0136
105.152,3.9000,0.0035,0.0136
105.359,3.9000,0.0036,0.0139
105.369,3.9000,0.0035,0.0138
105.555,3.9000,0.0035,0.0136
105.755,3.9000,0.0035,0.0136
105.895,3.9000,0.0035,0.0136
106.162,3.9000,0.0035,0.0137
106.365,3.9000,0.0035,0.0136
106.434,3.9000,0.0035,0.0137
106.567,3.9000,0.0035,0.0137
106.767,3.9000,0.0035,0.0137
106.972,3.9000,0.0035,0.0137
107.171,3.9000,0.0036,0.0139
107.373,3.9000,0.0036,0.0139
107.509,3.9000,0.0035,0.0138
107.572,3.9000,0.0035,0.0138
107.772,3.9000,0.0035,0.0135
108.046,3.9000,0.0033,0.0130
108.179,3.9000,0.0034,0.0131
108.380,3.9000,0.0033,0.0130
108.583,3.9000,0.0033,0.0130
108.594,3.9000,0.0033,0.0129
108.784,3.9000,0.0033,0.0130
109.121,3.9000,0.0034,0.0131
109.189,3.9000,0.0034,0.0132
109.391,3.9000,0.0034,0.0133
109.593,3.9000,0.0034,0.0134
109.658,3.9000,0.0035,0.0135
109.794,3.9000,0.0034,0.0134
110.196,3.9000,0.0035,0.0135
110.207,3.9000,0.0035,0.0136
110.399,3.9000,0.0035,0.0137
110.601,3.9000,0.0036,0.0140
110.732,3.9000,0.0036,0.0140
110.804,3.9000,0.0036,0.0141
111.206,3.9000,0.0036,0.0141
111.271,3.9000,0.0036,0.0141
111.409,3.9000,0.0036,0.0141
111.612,3.9000,0.0037,0.0143
111.808,3.9000,0.0037,0.0144
111.819,3.9000,0.0037,0.0144
112.222,3.9000,0.0036,0.0141
112.345,3.9000,0.0035,0.0138
112.426,3.9000,0.0035,0.0138
112.628,3.9000,0.0036,0.0138
112.829,3.9000,0.0035,0.0138
112.883,3.9000,0.0035,0.0137
113.234,3.9000,0.0034,0.0133
113.420,3.9000,0.0034,0.0132
113.435,3.9000,0.0034,0.0131
113.637,3.9000,0.0034,0.0133
113.838,3.9000,0.0035,0.0135
113.955,3.9000,0.0034,0.0134
114.243,3.9000,0.0035,0.0137
114.449,3.9000,0.0035,0.0137
114.493,3.9000,0.0035,0.0137
114.658,3.9000,0.0035,0.0136
114.864,3.9000,0.0035,0.0137
115.031,3.9000,0.0036,0.0139
115.267,3.9000,0.0036,0.0140
115.469,3.9000,0.0036,0.0141
115.569,3.9000,0.0036,0.0139
115.671,3.9000,0.0036,0.0139
115.871,3.9000,0.0035,0.0137
116.105,3.9000,0.0035,0.0135
116.279,3.9000,0.0034,0.0133
116.482,3.9000,0.0034,0.0132
116.644,3.9000,0.0034,0.0133
116.683,3.9000,0.0034,0.0133
116.884,3.9000,0.0035,0.0135
117.180,3.9000,0.0035,0.0136
117.289,3.9000,0.0035,0.0137
117.491,3.9000,0.0035,0.0136
117.718,3.9000,0.0035,0.0138
117.728,3.9000,0.0035,0.0138
117.898,3.9000,0.0036,0.0139
118.256,3.9000,0.0036,0.0140
118.300,3.9000,0.0036,0.0140
118.502,3.9000,0.0036,0.0139
118.706,3.9000,0.0036,0.0141
118.792,3.9000,0.0036,0.0141
118.910,3.9000,0.0036,0.0142
119.330,3.9000,0.0037,0.0143
119.341,3.9000,0.0037,0.0142
119.515,3.9000,0.0036,0.0142
119.717,3.9000,0.0036,0.0139
119.868,3.9000,0.0035,0.0137
119.918,3.9000,0.0035,0.0138
120.322,3.9000,0.0034,0.0133
120.405,3.9000,0.0035,0.0135
120.525,3.9000,0.0035,0.0136
120.727,3.9000,0.0035,0.0136
120.943,3.9000,0.0035,0.0135
120.953,3.9000,0.0035,0.0137
121.331,3.9000,0.0035,0.0138
121.481,3.9000,0.0036,0.0139
121.533,3.9000,0.0036,0.0139
121.735,3.9000,0.0036,0.0141
121.935,3.9000,0.0036,0.0142
122.018,3.9000,0.0036,0.0141
122.339,3.9000,0.0036,0.0140
122.555,3.9000,0.0036,0.0140
122.566,3.9000,0.0036,0.0141
122.742,3.9000,0.0036,0.0141
122.943,3.9000,0.0036,0.0139
123.092,3.9000,0.0036,0.0141
123.346,3.9000,0.0036,0.0139
123.551,3.9000,0.0036,0.0140
123.630,3.9000,0.0036,0.0139
123.754,3.9000,0.0036,0.0140
123.957,3.9000,0.0036,0.0140
124.167,3.9000,0.0035,0.0138
124.369,3.9000,0.0035,0.0137
124.573,3.9000,0.0034,0.0134
124.705,3.9000,0.0034,0.0134
124.775,3.9000,0.0034,0.0134
124.975,3.9000,0.0033,0.0131
125.242,3.9000,0.0034,0.0133
125.378,3.9000,0.0034,0.0134
125.580,3.9000,0.0035,0.0138
125.780,3.9000,0.0036,0.0140
125.791,3.9000,0.0036,0.0140
125.984,3.9000,0.0036,0.0141
126.317,3.9000,0.0036,0.0141
126.388,3.9000,0.0036,0.0141
126.590,3.9000,0.0036,0.0141
126.791,3.9000,0.0036,0.0140
126.855,3.9000,0.0036,0.0141
126.992,3.9000,0.0036,0.0141
127.392,3.9000,0.0036,0.0141
127.404,3.9000,0.0036,0.0141
127.599,3.9000,0.0036,0.0139
127.800,3.9000,0.0035,0.0137
127.930,3.9000,0.0035,0.0138
128.001,3.9000,0.0035,0.0138
128.403,3.9000,0.0037,0.0145
128.468,3.9000,0.0037,0.0146
128.606,3.9000,0.0038,0.0148
128.808,3.9000,0.0038,0.0147
129.005,3.9000,0.0037,0.0144
129.015,3.9000,0.0037,0.0145
129.415,3.9000,0.0036,0.0139
129.542,3.9000,0.0035,0.0137
129.620,3.9000,0.0035,0.0136
129.824,3.9000,0.0034,0.0134
130.026,3.9000,0.0034,0.0133
130.079,3.9000,0.0034,0.0131
130.430,3.9000,0.0035,0.0136
130.617,3.9000,0.0035,0.0137
130.633,3.9000,0.0035,0.0137
130.834,3.9000,0.0035,0.0138
131.037,3.9000,0.0035,0.0138
131.154,3.9000,0.0036,0.0139
131.439,3.9000,0.0035,0.0136
131.642,3.9000,0.0034,0.0133
131.691,3.9000,0.0034,0.0134
131.844,3.9000,0.0034,0.0134
132.047,3.9000,0.0035,0.0136
132.229,3.9000,0.0036,0.0139
132.451,3.9000,0.0036,0.0139
132.652,3.9000,0.0035,0.0137
132.766,3.9000,0.0034,0.0134
132.854,3.9000,0.0034,0.0134
133.055,3.9000,0.0034,0.0131
133.304,3.9000,0.0034,0.0132
133.459,3.9000,0.0034,0.0134
133.661,3.9000,0.0035,0.0135
133.841,3.9000,0.0035,0.0136
133.864,3.9000,0.0035,0.0137
134.067,3.9000,0.0034,0.0134
134.378,3.9000,0.0034,0.0133
134.470,3.9000,0.0034,0.0133
134.671,3.9000,0.0034,0.0131
134.874,3.9000,0.0034,0.0131
134.916,3.9000,0.0033,0.0131
135.076,3.9000,0.0034,0.0132
135.453,3.9000,0.0034,0.0131
135.477,3.9000,0.0034,0.0133
135.680,3.9000,0.0034,0.0133
135.881,3.9000,0.0034,0.0134
135.991,3.9000,0.0035,0.0135
136.084,3.9000,0.0035,0.0137
136.487,3.9000,0.0037,0.0143
136.529,3.9000,0.0037,0.0143
136.689,3.9000,0.0037,0.0143
136.891,3.9000,0.0036,0.0140
137.066,3.9000,0.0036,0.0139
137.093,3.9000,0.0036,0.0139
137.496,3.9000,0.0036,0.0140
137.603,3.9000,0.0036,0.0140
137.700,3.9000,0.0036,0.0139
137.902,3.9000,0.0035,0.0138
138.141,3.9000,0.0035,0.0136
138.150,3.9000,0.0035,0.0137
138.507,3.9000,0.0035,0.0138
138.676,3.9000,0.0035,0.0138
138.710,3.9000,0.0035,0.0138
138.913,3.9000,0.0035,0.0138
139.115,3.9000,0.0035,0.0138
139.214,3.9000,0.0035,0.0138
139.520,3.9000,0.0036,0.0139
139.751,3.9000,0.0035,0.0138
139.762,3.9000,0.0035,0.0138
139.924,3.9000,0.0035,0.0137
140.128,3.9000,0.0034,0.0134
140.288,3.9000,0.0034,0.0134
140.530,3.9000,0.0034,0.0133
140.733,3.9000,0.0034,0.0133
140.826,3.9000,0.0034,0.0133
140.934,3.9000,0.0034,0.0133
141.138,3.9000,0.0034,0.0133
141.364,3.9000,0.0034,0.0133
141.540,3.9000,0.0034,0.0133
141.742,3.9000,0.0034,0.0133
141.900,3.9000,0.0034,0.0132
141.946,3.9000,0.0034,0.0131
142.149,3.9000,0.0034,0.0132
142.438,3.9000,0.0033,0.0130
142.554,3.9000,0.0033,0.0130
142.755,3.9000,0.0034,0.0132
142.976,3.9000,0.0033,0.0130
142.987,3.9000,0.0033,0.0130
143.161,3.9000,0.0034,0.0131
143.513,3.9000,0.0033,0.0128
143.565,3.9000,0.0032,0.0126
143.768,3.9000,0.0032,0.0125
143.973,3.9000,0.0033,0.0128
144.051,3.9000,0.0033,0.0129
144.173,3.9000,0.0033,0.0130
144.589,3.9000,0.0035,0.0136
144.598,3.9000,0.0035,0.0137
144.785,3.9000,0.0035,0.0137
144.991,3.9000,0.0035,0.0137
145.126,3.9000,0.0035,0.0137
145.195,3.9000,0.0035,0.0137
145.601,3.9000,0.0035,0.0136
145.663,3.9000,0.0035,0.0135
145.804,3.9000,0.0034,0.0134
146.004,3.9000,0.0033,0.0131
146.201,3.9000,0.0033,0.0130
146.212,3.9000,0.0033,0.0130
146.612,3.9000,0.0034,0.0132
146.738,3.9000,0.0034,0.0131
146.812,3.9000,0.0034,0.0131
147.012,3.9000,0.0034,0.0132
147.213,3.9000,0.0034,0.0134
147.276,3.9000,0.0034,0.0134
147.618,3.9000,0.0034,0.0134
147.813,3.9000,0.0034,0.0133
147.824,3.9000,0.0034,0.0131
148.022,3.9000,0.0033,0.0130
148.224,3.9000,0.0033,0.0130
148.351,3.9000,0.0034,0.0132
148.628,3.9000,0.0034,0.0133
148.830,3.9000,0.0035,0.0135
148.888,3.9000,0.0035,0.0136
149.031,3.9000,0.0035,0.0136
149.233,3.9000,0.0034,0.0133
149.426,3.9000,0.0034,0.0132
149.639,3.9000,0.0033,0.0127
149.840,3.9000,0.0032,0.0126
149.964,3.9000,0.0032,0.0126
150.040,3.9000,0.0033,0.0127
150.243,3.9000,0.0033,0.0129
150.501,3.9000,0.0034,0.0132
150.647,3.9000,0.0034,0.0133
150.848,3.9000,0.0035,0.0135
151.038,3.9000,0.0036,0.0139
151.049,3.9000,0.0036,0.0139
151.252,3.9000,0.0037,0.0143
151.575,3.9000,0.0036,0.0142
151.656,3.9000,0.0036,0.0141
151.857,3.9000,0.0035,0.0137
152.061,3.9000,0.0035,0.0135
152.112,3.9000,0.0035,0.0136
152.262,3.9000,0.0034,0.0133
152.650,3.9000,0.0035,0.0136
152.668,3.9000,0.0035,0.0136
152.867,3.9000,0.0035,0.0136
153.070,3.9000,0.0035,0.0138
153.187,3.9000,0.0036,0.0140
153.272,3.9000,0.0036,0.0142
153.677,3.9000,0.0036,0.0141
153.726,3.9000,0.0036,0.0140
153.880,3.9000,0.0035,0.0137
154.084,3.9000,0.0034,0.0133
154.263,3.9000,0.0034,0.0132
154.285,3.9000,0.0034,0.0132
154.689,3.9000,0.0035,0.0136
154.801,3.9000,0.0035,0.0137
154.891,3.9000,0.0036,0.0139
155.091,3.9000,0.0036,0.0141
155.293,3.9000,0.0036,0.0142
155.337,3.9000,0.0036,0.0142
155.696,3.9000,0.0037,0.0144
155.874,3.9000,0.0037,0.0144
155.899,3.9000,0.0037,0.0144
156.104,3.9000,0.0037,0.0145
156.303,3.9000,0.0037,0.0143
156.411,3.9000,0.0036,0.0142
156.706,3.9000,0.0036,0.0142
156.948,3.9000,0.0037,0.0143
156.959,3.9000,0.0037,0.0143
157.114,3.9000,0.0036,0.0142
157.313,3.9000,0.0036,0.0142
157.486,3.9000,0.0037,0.0143
157.718,3.9000,0.0038,0.0147
157.920,3.9000,0.0038,0.0147
158.023,3.9000,0.0037,0.0145
158.121,3.9000,0.0037,0.0145
158.323,3.9000,0.0037,0.0146
158.561,3.9000,0.0038,0.0147
158.728,3.9000,0.0039,0.0151
158.928,3.9000,0.0038,0.0149
159.096,3.9000,0.0038,0.0148
159.130,3.9000,0.0038,0.0148
159.331,3.9000,0.0038,0.0147
159.634,3.9000,0.0037,0.0145
159.736,3.9000,0.0037,0.0144
159.937,3.9000,0.0037,0.0143
160.171,3.9000,0.0036,0.0141
160.182,3.9000,0.0036,0.0141
160.340,3.9000,0.0036,0.0141
160.708,3.9000,0.0037,0.0143
160.745,3.9000,0.0037,0.0144
160.948,3.9000,0.0037,0.0146
161.149,3.9000,0.0038,0.0148
161.246,3.9000,0.0038,0.0148
161.350,3.9000,0.0038,0.0149
161.783,3.9000,0.0038,0.0147
161.794,3.9000,0.0038,0.0146
161.956,3.9000,0.0037,0.0145
162.159,3.9000,0.0036,0.0141
162.321,3.9000,0.0037,0.0142
162.359,3.9000,0.0037,0.0143
162.762,3.9000,0.0037,0.0144
162.858,3.9000,0.0037,0.0144
162.963,3.9000,0.0036,0.0142
163.166,3.9000,0.0036,0.0140
163.396,3.9000,0.0036,0.0142
163.407,3.9000,0.0036,0.0142
163.769,3.9000,0.0037,0.0144
163.933,3.9000,0.0037,0.0144
163.971,3.9000,0.0037,0.0144
164.175,3.9000,0.0037,0.0143
164.376,3.9000,0.0036,0.0140
164.471,3.9000,0.0036,0.0140
164.783,3.9000,0.0035,0.0137
165.008,3.9000,0.0035,0.0138
165.018,3.9000,0.0035,0.0138
165.190,3.9000,0.0036,0.0140
165.391,3.9000,0.0036,0.0139
165.545,3.9000,0.0035,0.0138
165.795,3.9000,0.0036,0.0140
165.996,3.9000,0.0035,0.0138
166.082,3.9000,0.0035,0.0138
166.199,3.9000,0.0036,0.0139
166.399,3.9000,0.0036,0.0140
166.620,3.9000,0.0036,0.0141
166.805,3.9000,0.0037,0.0145
167.006,3.9000,0.0037,0.0145
167.158,3.9000,0.0037,0.0143
167.207,3.9000,0.0037,0.0144
167.409,3.9000,0.0037,0.0144
167.695,3.9000,0.0036,0.0140
167.811,3.9000,0.0036,0.0141
168.012,3.9000,0.0036,0.0140
168.233,3.9000,0.0036,0.0139
168.243,3.9000,0.0035,0.0138
168.417,3.9000,0.0036,0.0140
168.769,3.9000,0.0037,0.0143
168.820,3.9000,0.0037,0.0143
169.021,3.9000,0.0037,0.0146
169.223,3.9000,0.0037,0.0144
169.308,3.9000,0.0036,0.0142
169.426,3.9000,0.0037,0.0144
169.844,3.9000,0.0035,0.0138
169.855,3.9000,0.0035,0.0138
170.031,3.9000,0.0036,0.0139
170.235,3.9000,0.0036,0.0139
170.382,3.9000,0.0036,0.0139
170.435,3.9000,0.0036,0.0140
170.838,3.9000,0.0036,0.0140
170.919,3.9000,0.0036,0.0141
171.040,3.9000,0.0036,0.0141
171.242,3.9000,0.0037,0.0143
171.457,3.9000,0.0037,0.0144
171.468,3.9000,0.0037,0.0143
171.849,3.9000,0.0036,0.0139
171.994,3.9000,0.0036,0.0140
172.051,3.9000,0.0036,0.0140
172.253,3.9000,0.0036,0.0141
172.455,3.9000,0.0036,0.0142
172.532,3.9000,0.0037,0.0143
172.860,3.9000,0.0036,0.0141
173.069,3.9000,0.0037,0.0142
173.080,3.9000,0.0037,0.0142
173.264,3.9000,0.0036,0.0142
173.466,3.9000,0.0036,0.0140
173.607,3.9000,0.0036,0.0140
173.873,3.9000,0.0036,0.0140
174.089,3.9000,0.0036,0.0142
174.144,3.9000,0.0037,0.0145
174.292,3.9000,0.0037,0.0145
174.496,3.9000,0.0038,0.0147
174.682,3.9000,0.0038,0.0147
174.898,3.9000,0.0037,0.0145
175.101,3.9000,0.0037,0.0143
175.219,3.9000,0.0036,0.0142
175.304,3.9000,0.0037,0.0142
175.506,3.9000,0.0037,0.0143
175.757,3.9000,0.0036,0.0140
175.913,3.9000,0.0036,0.0141
176.115,3.9000,0.0036,0.0141
176.295,3.9000,0.0036,0.0142
176.317,3.9000,0.0036,0.0142
176.519,3.9000,0.0037,0.0146
176.831,3.9000,0.0037,0.0146
176.923,3.9000,0.0038,0.0146
177.127,3.9000,0.0037,0.0146
177.369,3.9000,0.0037,0.0146
177.380,3.9000,0.0037,0.0144
177.535,3.9000,0.0037,0.0143
177.906,3.9000,0.0037,0.0143
177.940,3.9000,0.0036,0.0142
178.144,3.9000,0.0036,0.0140
178.347,3.9000,0.0036,0.0141
178.444,3.9000,0.0036,0.0142
178.554,3.9000,0.0036,0.0142
178.982,3.9000,0.0036,0.0141
178.992,3.9000,0.0036,0.0142
179.174,3.9000,0.0036,0.0139
179.375,3.9000,0.0036,0.0140
179.519,3.9000,0.0036,0.0140
179.579,3.9000,0.0036,0.0140
179.982,3.9000,0.0036,0.0139
180.056,3.9000,0.0035,0.0138
180.183,3.9000,0.0035,0.0137
180.385,3.9000,0.0035,0.0138
180.594,3.9000,0.0036,0.0140
180.604,3.9000,0.0036,0.0140
181.010,3.9000,0.0037,0.0143
181.131,3.9000,0.0037,0.0143
181.212,3.9000,0.0036,0.0142
181.414,3.9000,0.0035,0.0138
181.615,3.9000,0.0034,0.0134
181.669,3.9000,0.0035,0.0136
182.019,3.9000,0.0035,0.0138
182.206,3.9000,0.0036,0.0142
182.221,3.9000,0.0036,0.0142
182.424,3.9000,0.0037,0.0143
182.625,3.9000,0.0037,0.0143
182.743,3.9000,0.0036,0.0141
183.028,3.9000,0.0036,0.0139
183.229,3.9000,0.0036,0.0140
183.280,3.9000,0.0036,0.0140
183.431,3.9000,0.0036,0.0140
183.632,3.9000,0.0036,0.0140
183.816,3.9000,0.0036,0.0139
184.034,3.9000,0.0035,0.0136
184.237,3.9000,0.0035,0.0137
184.354,3.9000,0.0035,0.0137
184.438,3.9000,0.0035,0.0137
184.640,3.9000,0.0036,0.0139
184.892,3.9000,0.0035,0.0137
185.043,3.9000,0.0034,0.0134
185.245,3.9000,0.0035,0.0135
185.429,3.9000,0.0035,0.0135
185.447,3.9000,0.0035,0.0135
185.649,3.9000,0.0035,0.0136
185.967,3.9000,0.0034,0.0134
186.052,3.9000,0.0035,0.0135
186.253,3.9000,0.0034,0.0134
186.457,3.9000,0.0035,0.0136
186.504,3.9000,0.0035,0.0137
186.659,3.9000,0.0035,0.0138
187.041,3.9000,0.0036,0.0139
187.063,3.9000,0.0036,0.0139
187.264,3.9000,0.0035,0.0137
187.466,3.9000,0.0035,0.0137
187.577,3.9000,0.0035,0.0136
187.669,3.9000,0.0035,0.0136
188.115,3.9000,0.0037,0.0144
188.126,3.9000,0.0037,0.0144
188.276,3.9000,0.0037,0.0144
188.476,3.9000,0.0037,0.0143
188.652,3.9000,0.0037,0.0142
188.678,3.9000,0.0037,0.0143
189.082,3.9000,0.0037,0.0142
189.190,3.9000,0.0037,0.0143
189.284,3.9000,0.0037,0.0145
189.485,3.9000,0.0037,0.0146
189.727,3.9000,0.0037,0.0144
189.738,3.9000,0.0037,0.0145
190.090,3.9000,0.0037,0.0144
190.264,3.9000,0.0037,0.0143
190.291,3.9000,0.0036,0.0142
190.493,3.9000,0.0037,0.0144
190.695,3.9000,0.0037,0.0144
190.802,3.9000,0.0036,0.0142
191.099,3.9000,0.0037,0.0145
191.339,3.9000,0.0036,0.0141
191.350,3.9000,0.0036,0.0141
191.501,3.9000,0.0036,0.0140
191.703,3.9000,0.0035,0.0138
191.877,3.9000,0.0035,0.0138
192.111,3.9000,0.0037,0.0145
192.310,3.9000,0.0038,0.0150
192.414,3.9000,0.0039,0.0152
192.513,3.9000,0.0039,0.0152
192.713,3.9000,0.0039,0.0151
192.952,3.9000,0.0038,0.0149
193.117,3.9000,0.0038,0.0150
193.319,3.9000,0.0038,0.0149
193.489,3.9000,0.0039,0.0151
193.522,3.9000,0.0038,0.0150
193.723,3.9000,0.0038,0.0149
194.027,3.9000,0.0037,0.0145
194.129,3.9000,0.0037,0.0144
194.329,3.9000,0.0037,0.0144
194.564,3.9000,0.0037,0.0143
194.575,3.9000,0.0037,0.0142
194.731,3.9000,0.0037,0.0144
195.101,3.9000,0.0036,0.0140
195.132,3.9000,0.0036,0.0141
195.334,3.9000,0.0037,0.0144
195.534,3.9000,0.0037,0.0144
195.638,3.9000,0.0037,0.0145
195.736,3.9000,0.0037,0.0144
196.176,3.9000,0.0036,0.0141
196.187,3.9000,0.0036,0.0142
196.341,3.9000,0.0036,0.0140
196.542,3.9000,0.0036,0.0140
196.714,3.9000,0.0036,0.0141
196.744,3.9000,0.0036,0.0141
197.149,3.9000,0.0036,0.0141
197.251,3.9000,0.0036,0.0140
197.351,3.9000,0.0036,0.0141
197.553,3.9000,0.0036,0.0140
197.789,3.9000,0.0037,0.0146
197.800,3.9000,0.0038,0.0146
198.159,3.9000,0.0038,0.0149
198.326,3.9000,0.0039,0.0152
198.363,3.9000,0.0039,0.0152
198.565,3.9000,0.0038,0.0147
198.765,3.9000,0.0037,0.0143
198.863,3.9000,0.0036,0.0141
199.169,3.9000,0.0036,0.0139
199.401,3.9000,0.0036,0.0139
199.412,3.9000,0.0036,0.0139
199.571,3.9000,0.0036,0.0140
199.773,3.9000,0.0036,0.0140
199.938,3.9000,0.0035,0.0138
200.177,3.9000,0.0035,0.0138
200.378,3.9000,0.0036,0.0139
200.476,3.9000,0.0035,0.0138
200.580,3.9000,0.0036,0.0140
200.781,3.9000,0.0036,0.0139
201.014,3.9000,0.0035,0.0136
201.186,3.9000,0.0035,0.0137
201.394,3.9000,0.0035,0.0136
201.550,3.9000,0.0034,0.0134
201.597,3.9000,0.0035,0.0135
201.797,3.9000,0.0035,0.0135
202.088,3.9000,0.0035,0.0136
202.207,3.9000,0.0035,0.0137
202.409,3.9000,0.0035,0.0138
202.625,3.9000,0.0035,0.0138
202.636,3.9000,0.0035,0.0137
202.817,3.9000,0.0036,0.0139
203.162,3.9000,0.0036,0.0139
203.222,3.9000,0.0036,0.0140
203.425,3.9000,0.0036,0.0141
203.626,3.9000,0.0036,0.0141
203.700,3.9000,0.0036,0.0141
203.827,3.9000,0.0036,0.0142
204.236,3.9000,0.0036,0.0141
204.247,3.9000,0.0036,0.0141
204.431,3.9000,0.0036,0.0140
204.633,3.9000,0.0036,0.0140
204.773,3.9000,0.0036,0.0139
204.834,3.9000,0.0035,0.0138
205.245,3.9000,0.0036,0.0139
205.311,3.9000,0.0036,0.0140
205.446,3.9000,0.0036,0.0141
205.650,3.9000,0.0036,0.0140
205.849,3.9000,0.0035,0.0137
205.858,3.9000,0.0035,0.0137
206.257,3.9000,0.0035,0.0135
206.386,3.9000,0.0035,0.0135
206.458,3.9000,0.0035,0.0135
206.660,3.9000,0.0035,0.0136
206.862,3.9000,0.0035,0.0138
206.923,3.9000,0.0035,0.0138
207.268,3.9000,0.0036,0.0140
207.460,3.9000,0.0036,0.0141
207.470,3.9000,0.0036,0.0142
207.673,3.9000,0.0036,0.0140
207.876,3.9000,0.0036,0.0139
207.998,3.9000,0.0036,0.0140
208.280,3.9000,0.0035,0.0137
208.481,3.9000,0.0035,0.0138
208.536,3.9000,0.0036,0.0138
208.685,3.9000,0.0036,0.0139
208.888,3.9000,0.0036,0.0139
209.073,3.9000,0.0036,0.0140
209.290,3.9000,0.0036,0.0140
209.491,3.9000,0.0036,0.0141
209.610,3.9000,0.0036,0.0141
209.694,3.9000,0.0036,0.0140
209.897,3.9000,0.0036,0.0139
210.148,3.9000,0.0036,0.0140
210.299,3.9000,0.0037,0.0143
210.501,3.9000,0.0037,0.0144
210.685,3.9000,0.0037,0.0145
210.704,3.9000,0.0037,0.0145
210.904,3.9000,0.0037,0.0143
211.223,3.9000,0.0037,0.0145
211.311,3.9000,0.0037,0.0144
211.510,3.9000,0.0037,0.0145
211.713,3.9000,0.0038,0.0146
211.760,3.9000,0.0037,0.0146
211.913,3.9000,0.0037,0.0145
212.298,3.9000,0.0037,0.0146
212.320,3.9000,0.0037,0.0146
212.520,3.9000,0.0038,0.0146
212.724,3.9000,0.0038,0.0148
212.835,3.9000,0.0038,0.0149
212.925,3.9000,0.0038,0.0149
213.329,3.9000,0.0037,0.0146
213.372,3.9000,0.0038,0.0147
213.530,3.9000,0.0037,0.0145
213.733,3.9000,0.0037,0.0146
